ds,trend,yhat_lower,yhat_upper,trend_lower,trend_upper,additive_terms,additive_terms_lower,additive_terms_upper,yearly,yearly_lower,yearly_upper,multiplicative_terms,multiplicative_terms_lower,multiplicative_terms_upper,yhat
2006-01-01,18.55036053011111,11.454045093367524,26.326262226763,18.55036053011111,18.55036053011111,0.3567096551703256,0.3567096551703256,0.3567096551703256,0.3567096551703256,0.3567096551703256,0.3567096551703256,0.0,0.0,0.0,18.907070185281437
2006-02-01,19.00445092515899,11.728893790635066,25.451925213727396,19.00445092515899,19.00445092515899,-0.6381984551062028,-0.6381984551062028,-0.6381984551062028,-0.6381984551062028,-0.6381984551062028,-0.6381984551062028,0.0,0.0,0.0,18.36625247005279
2006-03-01,19.414597088428042,10.55182245063203,25.187779753704763,19.414597088428042,19.414597088428042,-1.3820701819758994,-1.3820701819758994,-1.3820701819758994,-1.3820701819758994,-1.3820701819758994,-1.3820701819758994,0.0,0.0,0.0,18.032526906452144
2006-04-01,19.868687483475924,11.244761622911604,25.84984150686022,19.868687483475924,19.868687483475924,-1.3856540804049353,-1.3856540804049353,-1.3856540804049353,-1.3856540804049353,-1.3856540804049353,-1.3856540804049353,0.0,0.0,0.0,18.483033403070987
2006-05-01,20.3081298012642,13.840129596881637,28.13646453215821,20.3081298012642,20.3081298012642,0.9312545376232565,0.9312545376232565,0.9312545376232565,0.9312545376232565,0.9312545376232565,0.9312545376232565,0.0,0.0,0.0,21.239384338887458
2006-06-01,20.76222019631208,14.402272651520844,29.676222173519673,20.76222019631208,20.76222019631208,0.943296882723385,0.943296882723385,0.943296882723385,0.943296882723385,0.943296882723385,0.943296882723385,0.0,0.0,0.0,21.705517079035463
2006-07-01,21.201662511628815,15.156750670053627,30.245446154232873,21.201662511628815,21.201662511628815,1.3305630981134922,1.3305630981134922,1.3305630981134922,1.3305630981134922,1.3305630981134922,1.3305630981134922,0.0,0.0,0.0,22.532225609742305
2006-08-01,21.655752904122775,15.171825740352794,30.10592715606253,21.655752904122775,21.655752904122775,0.5448625944304454,0.5448625944304454,0.5448625944304454,0.5448625944304454,0.5448625944304454,0.5448625944304454,0.0,0.0,0.0,22.20061549855322
2006-09-01,22.109843296616727,14.897084529415565,29.006492858447352,22.109843296616727,22.109843296616727,-0.4282779951271929,-0.4282779951271929,-0.4282779951271929,-0.4282779951271929,-0.4282779951271929,-0.4282779951271929,0.0,0.0,0.0,21.681565301489535
2006-10-01,22.54928561193346,15.389074812176123,30.16773238186631,22.54928561193346,22.54928561193346,-0.10212676114167724,-0.10212676114167724,-0.10212676114167724,-0.10212676114167724,-0.10212676114167724,-0.10212676114167724,0.0,0.0,0.0,22.447158850791784
2006-11-01,23.00337600442742,15.418851837083608,30.141487587154643,23.00337600442742,23.00337600442742,0.022766495594795044,0.022766495594795044,0.022766495594795044,0.022766495594795044,0.022766495594795044,0.022766495594795044,0.0,0.0,0.0,23.026142500022214
2006-12-01,23.44281831974416,15.737845116025468,30.537113955769286,23.44281831974416,23.44281831974416,-0.24730856735631718,-0.24730856735631718,-0.24730856735631718,-0.24730856735631718,-0.24730856735631718,-0.24730856735631718,0.0,0.0,0.0,23.195509752387842
2007-01-01,23.896908712401757,16.302544778751617,31.43509169896534,23.896908712401757,23.896908712401757,0.2520403497201046,0.2520403497201046,0.2520403497201046,0.2520403497201046,0.2520403497201046,0.2520403497201046,0.0,0.0,0.0,24.14894906212186
2007-02-01,24.350999105059362,16.13625351811445,31.60447962061266,24.350999105059362,24.350999105059362,-0.7502178383336576,-0.7502178383336576,-0.7502178383336576,-0.7502178383336576,-0.7502178383336576,-0.7502178383336576,0.0,0.0,0.0,23.600781266725704
2007-03-01,24.76114526616945,16.29312052938945,30.718987946445168,24.76114526616945,24.76114526616945,-1.4985712897875747,-1.4985712897875747,-1.4985712897875747,-1.4985712897875747,-1.4985712897875747,-1.4985712897875747,0.0,0.0,0.0,23.262573976381876
2007-04-01,25.21523565882705,16.99720824290881,32.019469827668985,25.21523565882705,25.21523565882705,-0.6867310377756717,-0.6867310377756717,-0.6867310377756717,-0.6867310377756717,-0.6867310377756717,-0.6867310377756717,0.0,0.0,0.0,24.52850462105138
2007-05-01,25.654677974302146,19.08681168434652,33.690320899822154,25.654677974302146,25.654677974302146,0.6230996137263403,0.6230996137263403,0.6230996137263403,0.6230996137263403,0.6230996137263403,0.6230996137263403,0.0,0.0,0.0,26.277777588028485
2007-06-01,26.108768366899877,19.174867275308838,33.6290401423921,26.108768366899877,26.108768366899877,0.6099354192492841,0.6099354192492841,0.6099354192492841,0.6099354192492841,0.6099354192492841,0.6099354192492841,0.0,0.0,0.0,26.71870378614916
2007-07-01,26.54821068231703,20.163184773744007,35.30086135967,26.54821068231703,26.54821068231703,1.272937355700566,1.272937355700566,1.272937355700566,1.272937355700566,1.272937355700566,1.272937355700566,0.0,0.0,0.0,27.821148038017597
2007-08-01,27.002301074914765,20.351500624369205,34.885735847195114,27.002301074914765,27.002301074914765,0.737122679646822,0.737122679646822,0.737122679646822,0.737122679646822,0.737122679646822,0.737122679646822,0.0,0.0,0.0,27.73942375456159
2007-09-01,27.456391467512493,20.320494490533957,35.030582635874474,27.456391467512493,27.456391467512493,-0.15555786176683717,-0.15555786176683717,-0.15555786176683717,-0.15555786176683717,-0.15555786176683717,-0.15555786176683717,0.0,0.0,0.0,27.300833605745655
2007-10-01,27.89583378292965,19.93223669660997,34.75002598768585,27.89583378292965,27.89583378292965,-0.2594397316140503,-0.2594397316140503,-0.2594397316140503,-0.2594397316140503,-0.2594397316140503,-0.2594397316140503,0.0,0.0,0.0,27.636394051315598
2007-11-01,28.349924175542686,20.856064745398132,35.15784380368976,28.349924175542686,28.349924175542686,-0.09502436946325471,-0.09502436946325471,-0.09502436946325471,-0.09502436946325471,-0.09502436946325471,-0.09502436946325471,0.0,0.0,0.0,28.254899806079433
2007-12-01,28.789366490974658,20.782238871090453,36.28468186136302,28.789366490974658,28.789366490974658,-0.08504072523239738,-0.08504072523239738,-0.08504072523239738,-0.08504072523239738,-0.08504072523239738,-0.08504072523239738,0.0,0.0,0.0,28.70432576574226
2008-01-01,29.24345688358769,22.16092485697997,36.55432519918168,29.24345688358769,29.24345688358769,0.1439889735840254,0.1439889735840254,0.1439889735840254,0.1439889735840254,0.1439889735840254,0.1439889735840254,0.0,0.0,0.0,29.387445857171716
2008-02-01,29.697547276200726,21.298648475526818,36.12376918295373,29.697547276200726,29.697547276200726,-0.8609721813671459,-0.8609721813671459,-0.8609721813671459,-0.8609721813671459,-0.8609721813671459,-0.8609721813671459,0.0,0.0,0.0,28.83657509483358
2008-03-01,30.122341514451627,21.329642472128747,36.68928217409212,30.122341514451627,30.122341514451627,-1.118559085414148,-1.118559085414148,-1.118559085414148,-1.118559085414148,-1.118559085414148,-1.118559085414148,0.0,0.0,0.0,29.00378242903748
2008-04-01,30.576431907064656,20.17904824483657,35.18943937438842,30.576431907064656,30.576431907064656,-2.7901568253097806,-2.7901568253097806,-2.7901568253097806,-2.7901568253097806,-2.7901568253097806,-2.7901568253097806,0.0,0.0,0.0,27.786275081754876
2008-05-01,31.015874224420905,25.076339149073416,39.78275196690069,31.015874224420905,31.015874224420905,1.5037472933865708,1.5037472933865708,1.5037472933865708,1.5037472933865708,1.5037472933865708,1.5037472933865708,0.0,0.0,0.0,32.51962151780748
2008-06-01,31.469964619022367,26.236556158465316,40.62452703516763,31.469964619022367,31.469964619022367,1.6119774961754574,1.6119774961754574,1.6119774961754574,1.6119774961754574,1.6119774961754574,1.6119774961754574,0.0,0.0,0.0,33.081942115197826
2008-07-01,31.909406936378616,25.896383353627293,40.58378041043151,31.909406936378616,31.909406936378616,1.4723914151147743,1.4723914151147743,1.4723914151147743,1.4723914151147743,1.4723914151147743,1.4723914151147743,0.0,0.0,0.0,33.38179835149339
2008-08-01,32.36349733098008,25.22924447873586,40.09148334293707,32.36349733098008,32.36349733098008,0.1792971454418465,0.1792971454418465,0.1792971454418465,0.1792971454418465,0.1792971454418465,0.1792971454418465,0.0,0.0,0.0,32.542794476421925
2008-09-01,32.81758772558153,24.33093085511541,39.89951616272045,32.81758772558153,32.81758772558153,-0.9837458500736239,-0.9837458500736239,-0.9837458500736239,-0.9837458500736239,-0.9837458500736239,-0.9837458500736239,0.0,0.0,0.0,31.833841875507908
2008-10-01,33.25703004057731,26.42501987071609,40.9229113480745,33.25703004057731,33.25703004057731,0.19524131484656496,0.19524131484656496,0.19524131484656496,0.19524131484656496,0.19524131484656496,0.19524131484656496,0.0,0.0,0.0,33.452271355423875
2008-11-01,33.711120432739605,26.60499347135769,41.59925436868066,33.711120432739605,33.711120432739605,0.26348894708744897,0.26348894708744897,0.26348894708744897,0.26348894708744897,0.26348894708744897,0.26348894708744897,0.0,0.0,0.0,33.97460937982705
2008-12-01,34.15056274773538,26.221282353434276,40.836275546098086,34.15056274773538,34.15056274773538,-0.5727170301693181,-0.5727170301693181,-0.5727170301693181,-0.5727170301693181,-0.5727170301693181,-0.5727170301693181,0.0,0.0,0.0,33.57784571756606
2009-01-01,34.60465313989768,27.923648062780472,42.16169332245351,34.60465313989768,34.60465313989768,0.4578676043070812,0.4578676043070812,0.4578676043070812,0.4578676043070812,0.4578676043070812,0.4578676043070812,0.0,0.0,0.0,35.06252074420476
2009-02-01,35.058743532059964,27.546512558382986,41.8869071637087,35.058743532059964,35.058743532059964,-0.5251274547540884,-0.5251274547540884,-0.5251274547540884,-0.5251274547540884,-0.5251274547540884,-0.5251274547540884,0.0,0.0,0.0,34.53361607730587
2009-03-01,35.4688896853405,27.03519421416223,41.98996647720454,35.4688896853405,35.4688896853405,-1.255411149031987,-1.255411149031987,-1.255411149031987,-1.255411149031987,-1.255411149031987,-1.255411149031987,0.0,0.0,0.0,34.213478536308514
2009-04-01,35.92298006932966,26.166783598764955,41.2598571592482,35.92298006932966,35.92298006932966,-2.0870431080715792,-2.0870431080715792,-2.0870431080715792,-2.0870431080715792,-2.0870431080715792,-2.0870431080715792,0.0,0.0,0.0,33.835936961258085
2009-05-01,36.36242237641595,29.89281555058266,44.70073122460059,36.36242237641595,36.36242237641595,1.224886388942422,1.224886388942422,1.224886388942422,1.224886388942422,1.224886388942422,1.224886388942422,0.0,0.0,0.0,37.58730876535837
2009-06-01,36.81651276040511,31.31951504634472,45.806838565204906,36.81651276040511,36.81651276040511,1.277476002291218,1.277476002291218,1.277476002291218,1.277476002291218,1.277476002291218,1.277476002291218,0.0,0.0,0.0,38.09398876269633
2009-07-01,37.255955067491385,30.99797279244459,46.23543535245794,37.255955067491385,37.255955067491385,1.397089880767273,1.397089880767273,1.397089880767273,1.397089880767273,1.397089880767273,1.397089880767273,0.0,0.0,0.0,38.65304494825866
2009-08-01,37.710045451480546,31.17505902279929,45.199090133179276,37.710045451480546,37.710045451480546,0.3588341457990549,0.3588341457990549,0.3588341457990549,0.3588341457990549,0.3588341457990549,0.3588341457990549,0.0,0.0,0.0,38.068879597279604
2009-09-01,38.16413582570042,30.24032993792646,45.04923815115065,38.16413582570042,38.16413582570042,-0.7044566646211867,-0.7044566646211867,-0.7044566646211867,-0.7044566646211867,-0.7044566646211867,-0.7044566646211867,0.0,0.0,0.0,37.45967916107924
2009-10-01,38.603578123332554,31.189971279316588,46.51733661401756,38.603578123332554,38.603578123332554,0.04947458713818476,0.04947458713818476,0.04947458713818476,0.04947458713818476,0.04947458713818476,0.04947458713818476,0.0,0.0,0.0,38.65305271047074
2009-11-01,39.05766849755242,31.50585297933343,46.501763851090594,39.05766849755242,39.05766849755242,0.14231743453235576,0.14231743453235576,0.14231743453235576,0.14231743453235576,0.14231743453235576,0.14231743453235576,0.0,0.0,0.0,39.19998593208478
2009-12-01,39.497110795184554,32.04319782379488,46.18681214641324,39.497110795184554,39.497110795184554,-0.409905426762632,-0.409905426762632,-0.409905426762632,-0.409905426762632,-0.409905426762632,-0.409905426762632,0.0,0.0,0.0,39.08720536842192
2010-01-01,39.95120116940443,32.79224107716276,47.37414856026945,39.95120116940443,39.95120116940443,0.3567096551695786,0.3567096551695786,0.3567096551695786,0.3567096551695786,0.3567096551695786,0.3567096551695786,0.0,0.0,0.0,40.30791082457401
2010-02-01,40.40529154341481,32.70638194566207,47.44239978862855,40.40529154341481,40.40529154341481,-0.6381984551055354,-0.6381984551055354,-0.6381984551055354,-0.6381984551055354,-0.6381984551055354,-0.6381984551055354,0.0,0.0,0.0,39.767093088309274
2010-03-01,40.81543768768226,31.86328269401897,46.77745449657591,40.81543768768226,40.81543768768226,-1.382070181975713,-1.382070181975713,-1.382070181975713,-1.382070181975713,-1.382070181975713,-1.382070181975713,0.0,0.0,0.0,39.43336750570655
2010-04-01,41.269528061692654,32.4454211315873,47.20375434415438,41.269528061692654,41.269528061692654,-1.3856540804036297,-1.3856540804036297,-1.3856540804036297,-1.3856540804036297,-1.3856540804036297,-1.3856540804036297,0.0,0.0,0.0,39.88387398128902
2010-05-01,41.708970359122056,35.075333568519575,50.23636998474624,41.708970359122056,41.708970359122056,0.9312545376250416,0.9312545376250416,0.9312545376250416,0.9312545376250416,0.9312545376250416,0.9312545376250416,0.0,0.0,0.0,42.6402248967471
2010-06-01,42.16306073313245,35.50341395687299,51.02341541876627,42.16306073313245,42.16306073313245,0.943296882722897,0.943296882722897,0.943296882722897,0.943296882722897,0.943296882722897,0.943296882722897,0.0,0.0,0.0,43.106357615855345
2010-07-01,42.602503026733196,36.18791709501309,51.02511465827165,42.602503026733196,42.602503026733196,1.3305630981137162,1.3305630981137162,1.3305630981137162,1.3305630981137162,1.3305630981137162,1.3305630981137162,0.0,0.0,0.0,43.93306612484691
2010-08-01,43.05659339678729,35.994795505490536,51.296442065274675,43.05659339678729,43.05659339678729,0.5448625944337768,0.5448625944337768,0.5448625944337768,0.5448625944337768,0.5448625944337768,0.5448625944337768,0.0,0.0,0.0,43.601455991221066
2010-09-01,43.510683766841396,35.63131086683688,50.317373523538656,43.510683766841396,43.510683766841396,-0.42827799512679443,-0.42827799512679443,-0.42827799512679443,-0.42827799512679443,-0.42827799512679443,-0.42827799512679443,0.0,0.0,0.0,43.082405771714605
2010-10-01,43.950126060442145,36.22065908890342,51.77456155317677,43.950126060442145,43.950126060442145,-0.10212676114132901,-0.10212676114132901,-0.10212676114132901,-0.10212676114132901,-0.10212676114132901,-0.10212676114132901,0.0,0.0,0.0,43.84799929930082
2010-11-01,44.404216430496234,37.57869674636359,52.15956291452441,44.404216430496234,44.404216430496234,0.022766495594771053,0.022766495594771053,0.022766495594771053,0.022766495594771053,0.022766495594771053,0.022766495594771053,0.0,0.0,0.0,44.42698292609101
2010-12-01,44.84365872409698,37.250015625342385,51.883995359445215,44.84365872409698,44.84365872409698,-0.24730856735560852,-0.24730856735560852,-0.24730856735560852,-0.24730856735560852,-0.24730856735560852,-0.24730856735560852,0.0,0.0,0.0,44.59635015674137
2011-01-01,45.29774908874416,38.25098768077043,52.80588426640135,45.29774908874416,45.29774908874416,0.2520403497186437,0.2520403497186437,0.2520403497186437,0.2520403497186437,0.2520403497186437,0.2520403497186437,0.0,0.0,0.0,45.5497894384628
2011-02-01,45.75183945339135,37.77464198805066,52.401266269287795,45.75183945339135,45.75183945339135,-0.7502178383352238,-0.7502178383352238,-0.7502178383352238,-0.7502178383352238,-0.7502178383352238,-0.7502178383352238,0.0,0.0,0.0,45.00162161505612
2011-03-01,46.16198558920171,37.54856765387402,52.05916066480428,46.16198558920171,46.16198558920171,-1.4985712897860672,-1.4985712897860672,-1.4985712897860672,-1.4985712897860672,-1.4985712897860672,-1.4985712897860672,0.0,0.0,0.0,44.66341429941565
2011-04-01,46.616075953848906,38.48869506372164,53.309312479341976,46.616075953848906,46.616075953848906,-0.6867310377786833,-0.6867310377786833,-0.6867310377786833,-0.6867310377786833,-0.6867310377786833,-0.6867310377786833,0.0,0.0,0.0,45.92934491607022
2011-05-01,47.05551824221714,40.88764162918216,54.976478615112185,47.05551824221714,47.05551824221714,0.6230996137282013,0.6230996137282013,0.6230996137282013,0.6230996137282013,0.6230996137282013,0.6230996137282013,0.0,0.0,0.0,47.67861785594534
2011-06-01,47.50960185232275,40.68330820197292,55.7006490454597,47.50960185232275,47.50960185232275,0.6099354192496522,0.6099354192496522,0.6099354192496522,0.6099354192496522,0.6099354192496522,0.6099354192496522,0.0,0.0,0.0,48.119537271572405
2011-07-01,47.949037604037855,41.422553829349646,56.83247742114229,47.949037604037855,47.949037604037855,1.2729373557005468,1.2729373557005468,1.2729373557005468,1.2729373557005468,1.2729373557005468,1.2729373557005468,0.0,0.0,0.0,49.221974959738404
2011-08-01,48.40312121414346,41.302462269891926,56.432097489410125,48.40312121414346,48.40312121414346,0.7371226796431279,0.7371226796431279,0.7371226796431279,0.7371226796431279,0.7371226796431279,0.7371226796431279,0.0,0.0,0.0,49.14024389378659
2011-09-01,48.857204824249074,40.99896624125571,55.72041883892037,48.857204824249074,48.857204824249074,-0.15555786176509387,-0.15555786176509387,-0.15555786176509387,-0.15555786176509387,-0.15555786176509387,-0.15555786176509387,0.0,0.0,0.0,48.70164696248398
2011-10-01,49.29664057596417,41.81090969604434,56.39764227988685,49.29664057596417,49.29664057596417,-0.25943973161345496,-0.25943973161345496,-0.25943973161345496,-0.25943973161345496,-0.25943973161345496,-0.25943973161345496,0.0,0.0,0.0,49.037200844350714
2011-11-01,49.71749253511644,41.968894295769736,57.25557546103126,49.71749253511644,49.71749253511644,-0.09502436946280918,-0.09502436946280918,-0.09502436946280918,-0.09502436946280918,-0.09502436946280918,-0.09502436946280918,0.0,0.0,0.0,49.622468165653636
2011-12-01,50.12476862461864,42.31672232685509,57.336602625835404,50.12476862461864,50.12476862461864,-0.08504072523043552,-0.08504072523043552,-0.08504072523043552,-0.08504072523043552,-0.08504072523043552,-0.08504072523043552,0.0,0.0,0.0,50.039727899388204
2012-01-01,50.54562058377091,43.10517260728154,57.98915690242623,50.54562058377091,50.54562058377091,0.1439889735835964,0.1439889735835964,0.1439889735835964,0.1439889735835964,0.1439889735835964,0.1439889735835964,0.0,0.0,0.0,50.68960955735451
2012-02-01,50.966472542923185,42.74895202343753,57.678132287102144,50.966472542923185,50.966472542923185,-0.860972181365661,-0.860972181365661,-0.860972181365661,-0.860972181365661,-0.860972181365661,-0.860972181365661,0.0,0.0,0.0,50.105500361557525
2012-03-01,51.3601727627753,43.16340095527094,57.92752369926289,51.3601727627753,51.3601727627753,-1.1185590854139207,-1.1185590854139207,-1.1185590854139207,-1.1185590854139207,-1.1185590854139207,-1.1185590854139207,0.0,0.0,0.0,50.24161367736138
2012-04-01,51.69139881558825,41.731477896435315,56.5601421220913,51.69139881558825,51.69139881558825,-2.790156825314875,-2.790156825314875,-2.790156825314875,-2.790156825314875,-2.790156825314875,-2.790156825314875,0.0,0.0,0.0,48.90124199027338
2012-05-01,52.011940157020135,45.84677282211504,61.19812302994867,52.011940157020135,52.011940157020135,1.503747293387367,1.503747293387367,1.503747293387367,1.503747293387367,1.503747293387367,1.503747293387367,0.0,0.0,0.0,53.515687450407505
2012-06-01,52.34316620983307,46.13517101991072,61.60445300854213,52.34316620983307,52.34316620983307,1.6119774961763438,1.6119774961763438,1.6119774961763438,1.6119774961763438,1.6119774961763438,1.6119774961763438,0.0,0.0,0.0,53.955143706009416
2012-07-01,52.663707551264956,46.96933376350981,61.749749770332826,52.663707551264956,52.663707551264956,1.4723914151144708,1.4723914151144708,1.4723914151144708,1.4723914151144708,1.4723914151144708,1.4723914151144708,0.0,0.0,0.0,54.13609896637943
2012-08-01,52.994933604077914,45.934582231023874,60.2081188850448,52.994933604077914,52.994933604077914,0.179297145442341,0.179297145442341,0.179297145442341,0.179297145442341,0.179297145442341,0.179297145442341,0.0,0.0,0.0,53.174230749520255
2012-09-01,53.32615965689085,45.15598570972191,59.798601445161715,53.32615965689085,53.32615965689085,-0.9837458500711722,-0.9837458500711722,-0.9837458500711722,-0.9837458500711722,-0.9837458500711722,-0.9837458500711722,0.0,0.0,0.0,52.34241380681968
2012-10-01,53.52512855254875,46.52182610782992,61.558523209154906,53.52512855254875,53.52512855254875,0.19524131484373958,0.19524131484373958,0.19524131484373958,0.19524131484373958,0.19524131484373958,0.19524131484373958,0.0,0.0,0.0,53.72036986739249
2012-11-01,53.73072974472859,46.485903571035855,62.03914173822769,53.73072974472859,53.73072974472859,0.2634889470864768,0.2634889470864768,0.2634889470864768,0.2634889470864768,0.2634889470864768,0.2634889470864768,0.0,0.0,0.0,53.99421869181507
2012-12-01,53.929698640386505,46.011578599948834,60.45745422161169,53.929698640386505,53.929698640386505,-0.5727170301685839,-0.5727170301685839,-0.5727170301685839,-0.5727170301685839,-0.5727170301685839,-0.5727170301685839,0.0,0.0,0.0,53.35698161021792
2013-01-01,54.135299832566346,46.87774091208589,62.23429383463423,54.135299832566346,54.135299832566346,0.4578676043070166,0.4578676043070166,0.4578676043070166,0.4578676043070166,0.4578676043070166,0.4578676043070166,0.0,0.0,0.0,54.593167436873365
2013-02-01,54.34090102474618,45.85661499447222,61.219142706743554,54.34090102474618,54.34090102474618,-0.5251274547530468,-0.5251274547530468,-0.5251274547530468,-0.5251274547530468,-0.5251274547530468,-0.5251274547530468,0.0,0.0,0.0,53.815773569993134
2013-03-01,54.41618435890966,45.60184862771159,61.023169647765734,54.41618435890966,54.41618435890966,-1.2554111490289694,-1.2554111490289694,-1.2554111490289694,-1.2554111490289694,-1.2554111490289694,-1.2554111490289694,0.0,0.0,0.0,53.16077320988069
2013-04-01,54.49953376459066,45.83458201501355,60.066969596185594,54.49953376459066,54.49953376459066,-2.0870431080755054,-2.0870431080755054,-2.0870431080755054,-2.0870431080755054,-2.0870431080755054,-2.0870431080755054,0.0,0.0,0.0,52.41249065651515
2013-05-01,54.58019447976582,48.12230481552843,62.732696038984386,54.58019447976582,54.58019447976582,1.224886388943302,1.224886388943302,1.224886388943302,1.224886388943302,1.224886388943302,1.224886388943302,0.0,0.0,0.0,55.805080868709126
2013-06-01,54.66354388544681,48.85410293269176,62.76775082872852,54.66354388544681,54.66354388544681,1.277476002294677,1.277476002294677,1.277476002294677,1.277476002294677,1.277476002294677,1.277476002294677,0.0,0.0,0.0,55.94101988774149
2013-07-01,54.74420460062199,49.13124546248803,63.93286132670797,54.74420460062199,54.74420460062199,1.397089880768908,1.397089880768908,1.397089880768908,1.397089880768908,1.397089880768908,1.397089880768908,0.0,0.0,0.0,56.1412944813909
2013-08-01,54.742914316749335,47.12918451526509,62.40015922425461,54.742914316749335,54.742914316749335,0.3588341457995769,0.3588341457995769,0.3588341457995769,0.3588341457995769,0.3588341457995769,0.3588341457995769,0.0,0.0,0.0,55.10174846254891
2013-09-01,54.74162403287668,46.33494851681558,61.88119669432635,54.74162403287668,54.74162403287668,-0.7044566646247106,-0.7044566646247106,-0.7044566646247106,-0.7044566646247106,-0.7044566646247106,-0.7044566646247106,0.0,0.0,0.0,54.03716736825197
2013-10-01,54.74037537106444,47.989110571481895,62.34253101484463,54.74037537106444,54.74037537106444,0.049474587138784096,0.049474587138784096,0.049474587138784096,0.049474587138784096,0.049474587138784096,0.049474587138784096,0.0,0.0,0.0,54.78984995820322
2013-11-01,54.73908508719178,47.34738874002098,61.671457268754246,54.73908508719178,54.73908508719178,0.142317434532437,0.142317434532437,0.142317434532437,0.142317434532437,0.142317434532437,0.142317434532437,0.0,0.0,0.0,54.88140252172422
2013-12-01,54.737836425379534,46.99546752054788,61.6609827678589,54.737836425379534,54.737836425379534,-0.40990542676283476,-0.40990542676283476,-0.40990542676283476,-0.40990542676283476,-0.40990542676283476,-0.40990542676283476,0.0,0.0,0.0,54.3279309986167
2014-01-01,54.73654614150687,47.929983777102194,62.882908363544615,54.73654614150687,54.73654614150687,0.3567096551694552,0.3567096551694552,0.3567096551694552,0.3567096551694552,0.3567096551694552,0.3567096551694552,0.0,0.0,0.0,55.093255796676324
2014-02-01,54.724383442574876,46.42314154388008,61.48328255507472,54.724383442574876,54.724383442574876,-0.6381984551070732,-0.6381984551070732,-0.6381984551070732,-0.6381984551070732,-0.6381984551070732,-0.6381984551070732,0.0,0.0,0.0,54.0861849874678
2014-03-01,54.71339777902339,46.074748176929646,60.64400679222616,54.71339777902339,54.71339777902339,-1.3820701819759031,-1.3820701819759031,-1.3820701819759031,-1.3820701819759031,-1.3820701819759031,-1.3820701819759031,0.0,0.0,0.0,53.33132759704748
2014-04-01,54.70123508009138,45.5395506839991,61.256747059717405,54.70123508009138,54.70123508009138,-1.3856540804050332,-1.3856540804050332,-1.3856540804050332,-1.3856540804050332,-1.3856540804050332,-1.3856540804050332,0.0,0.0,0.0,53.31558099968635
2014-05-01,54.689464726286225,48.511493821233444,63.508783929942076,54.689464726286225,54.689464726286225,0.9312545376240697,0.9312545376240697,0.9312545376240697,0.9312545376240697,0.9312545376240697,0.9312545376240697,0.0,0.0,0.0,55.620719263910296
2014-06-01,54.67730202735421,48.389320237243936,62.361645142624155,54.67730202735421,54.67730202735421,0.9432968827254077,0.9432968827254077,0.9432968827254077,0.9432968827254077,0.9432968827254077,0.9432968827254077,0.0,0.0,0.0,55.620598910079615
2014-07-01,54.665530905560296,48.493706207527566,63.23441924806797,54.665530905560296,54.665530905560296,1.3305630981130003,1.3305630981130003,1.3305630981130003,1.3305630981130003,1.3305630981130003,1.3305630981130003,0.0,0.0,0.0,55.9960940036733
2014-08-01,54.65336741303993,48.277928451057825,62.808046925106666,54.65336741303993,54.65336741303993,0.5448625944314954,0.5448625944314954,0.5448625944314954,0.5448625944314954,0.5448625944314954,0.5448625944314954,0.0,0.0,0.0,55.19823000747142
2014-09-01,54.64120392051955,46.12340989961648,62.01486820703494,54.64120392051955,54.64120392051955,-0.42827799512760084,-0.42827799512760084,-0.42827799512760084,-0.42827799512760084,-0.42827799512760084,-0.42827799512760084,0.0,0.0,0.0,54.21292592539195
2014-10-01,54.62943279872564,46.814977823528416,62.072198674918496,54.62943279872564,54.62943279872564,-0.10212676114114155,-0.10212676114114155,-0.10212676114114155,-0.10212676114114155,-0.10212676114114155,-0.10212676114114155,0.0,0.0,0.0,54.527306037584495
2014-11-01,54.61726930620527,47.42136876178635,61.73329395073494,54.61726930620527,54.61726930620527,0.02276649559537105,0.02276649559537105,0.02276649559537105,0.02276649559537105,0.02276649559537105,0.02276649559537105,0.0,0.0,0.0,54.64003580180064
2014-12-01,54.605498184527896,46.661999100152705,61.84344894346553,54.605498184527896,54.605498184527896,-0.24730856735797485,-0.24730856735797485,-0.24730856735797485,-0.24730856735797485,-0.24730856735797485,-0.24730856735797485,0.0,0.0,0.0,54.35818961716992
2015-01-01,54.59333469212794,47.46419292216341,62.085018063221646,54.59333469212794,54.59333469212794,0.2520403497192979,0.2520403497192979,0.2520403497192979,0.2520403497192979,0.2520403497192979,0.2520403497192979,0.0,0.0,0.0,54.845375041847234
2015-02-01,54.581171199727976,46.26598036938481,60.86152429871216,54.581171199727976,54.581171199727976,-0.750217838336445,-0.750217838336445,-0.750217838336445,-0.750217838336445,-0.750217838336445,-0.750217838336445,0.0,0.0,0.0,53.83095336139153
2015-03-01,54.57018481949576,45.23384238458659,60.1820070038017,54.57018481949576,54.57018481949576,-1.4985712897892245,-1.4985712897892245,-1.4985712897892245,-1.4985712897892245,-1.4985712897892245,-1.4985712897892245,0.0,0.0,0.0,53.07161352970653
2015-04-01,54.5580213270958,46.54883508346938,61.49805668569115,54.5580213270958,54.5580213270958,-0.6867310377764851,-0.6867310377764851,-0.6867310377764851,-0.6867310377764851,-0.6867310377764851,-0.6867310377764851,0.0,0.0,0.0,53.87129028931932
2015-05-01,54.5462502054184,47.95338876849007,62.447884316255795,54.5462502054184,54.5462502054184,0.623099613727713,0.623099613727713,0.623099613727713,0.623099613727713,0.623099613727713,0.623099613727713,0.0,0.0,0.0,55.16934981914611
2015-06-01,54.53408671242829,47.64706461676046,62.85212940196719,54.53408671242829,54.53408671242829,0.6099354192480759,0.6099354192480759,0.6099354192480759,0.6099354192480759,0.6099354192480759,0.6099354192480759,0.0,0.0,0.0,55.144022131676365
2015-07-01,54.5223155901798,48.799723170576804,63.2671810689743,54.5223155901798,54.5223155901798,1.2729373557004098,1.2729373557004098,1.2729373557004098,1.2729373557004098,1.2729373557004098,1.2729373557004098,0.0,0.0,0.0,55.79525294588021
2015-08-01,54.51015209718968,47.540510720316156,62.68688566304585,54.51015209718968,54.51015209718968,0.737122679644377,0.737122679644377,0.737122679644377,0.737122679644377,0.737122679644377,0.737122679644377,0.0,0.0,0.0,55.24727477683406
2015-09-01,54.49798860419957,46.94209900694798,61.543066821073985,54.49798860419957,54.49798860419957,-0.15555786176790196,-0.15555786176790196,-0.15555786176790196,-0.15555786176790196,-0.15555786176790196,-0.15555786176790196,0.0,0.0,0.0,54.34243074243167
2015-10-01,54.48621748195108,48.14854781903623,61.72047391663345,54.48621748195108,54.48621748195108,-0.2594397316135819,-0.2594397316135819,-0.2594397316135819,-0.2594397316135819,-0.2594397316135819,-0.2594397316135819,0.0,0.0,0.0,54.2267777503375
2015-11-01,54.474053991433024,46.585164558623454,61.51803534776322,54.474053991433024,54.474053991433024,-0.09502436946301403,-0.09502436946301403,-0.09502436946301403,-0.09502436946301403,-0.09502436946301403,-0.09502436946301403,0.0,0.0,0.0,54.37902962197001
2015-12-01,54.46228287157683,46.636713857301764,61.855504111754776,54.46228287157683,54.46228287157683,-0.08504072523008707,-0.08504072523008707,-0.08504072523008707,-0.08504072523008707,-0.08504072523008707,-0.08504072523008707,0.0,0.0,0.0,54.377242146346745
2016-01-01,54.45011938105878,46.83595860778081,61.70238291348057,54.45011938105878,54.45011938105878,0.1439889735840166,0.1439889735840166,0.1439889735840166,0.1439889735840166,0.1439889735840166,0.1439889735840166,0.0,0.0,0.0,54.59410835464279
2016-02-01,54.43795589054071,46.54236364817356,61.00343709440538,54.43795589054071,54.43795589054071,-0.8609721813658388,-0.8609721813658388,-0.8609721813658388,-0.8609721813658388,-0.8609721813658388,-0.8609721813658388,0.0,0.0,0.0,53.57698370917487
2016-03-01,54.42657714134641,46.20761438240766,60.49915725590307,54.42657714134641,54.42657714134641,-1.1185590854140743,-1.1185590854140743,-1.1185590854140743,-1.1185590854140743,-1.1185590854140743,-1.1185590854140743,0.0,0.0,0.0,53.30801805593233
2016-04-01,54.41441365359177,44.67614211626125,59.01767351247586,54.41441365359177,54.41441365359177,-2.7901568253099085,-2.7901568253099085,-2.7901568253099085,-2.7901568253099085,-2.7901568253099085,-2.7901568253099085,0.0,0.0,0.0,51.624256828281865
2016-05-01,54.40264253640988,48.950027073462174,63.10404532769756,54.40264253640988,54.40264253640988,1.5037472933888245,1.5037472933888245,1.5037472933888245,1.5037472933888245,1.5037472933888245,1.5037472933888245,0.0,0.0,0.0,55.906389829798705
2016-06-01,54.39047904865525,48.70770464390327,63.14476539399739,54.39047904865525,54.39047904865525,1.6119774961769047,1.6119774961769047,1.6119774961769047,1.6119774961769047,1.6119774961769047,1.6119774961769047,0.0,0.0,0.0,56.00245654483216
2016-07-01,54.37870793147334,48.19574079830261,63.81062158611132,54.37870793147334,54.37870793147334,1.4723914151143311,1.4723914151143311,1.4723914151143311,1.4723914151143311,1.4723914151143311,1.4723914151143311,0.0,0.0,0.0,55.851099346587674
2016-08-01,54.366544443718716,47.11310806052516,62.44746155275558,54.366544443718716,54.366544443718716,0.1792971454439796,0.1792971454439796,0.1792971454439796,0.1792971454439796,0.1792971454439796,0.1792971454439796,0.0,0.0,0.0,54.5458415891627
2016-09-01,54.35438095596407,45.57404361579895,60.50913407142061,54.35438095596407,54.35438095596407,-0.9837458500714501,-0.9837458500714501,-0.9837458500714501,-0.9837458500714501,-0.9837458500714501,-0.9837458500714501,0.0,0.0,0.0,53.37063510589262
2016-10-01,54.34260983852128,46.93886971461341,61.55224463217793,54.34260983852128,54.34260983852128,0.19524131484467824,0.19524131484467824,0.19524131484467824,0.19524131484467824,0.19524131484467824,0.19524131484467824,0.0,0.0,0.0,54.537851153365956
2016-11-01,54.330446350497056,47.26564479152566,61.94652455589323,54.330446350497056,54.330446350497056,0.26348894708857806,0.26348894708857806,0.26348894708857806,0.26348894708857806,0.26348894708857806,0.26348894708857806,0.0,0.0,0.0,54.59393529758563
2016-12-01,54.31867523305425,46.189917364162156,60.99264187116852,54.31867523305425,54.31867523305425,-0.5727170301697833,-0.5727170301697833,-0.5727170301697833,-0.5727170301697833,-0.5727170301697833,-0.5727170301697833,0.0,0.0,0.0,53.74595820288447
2017-01-01,54.30651174503003,47.382081287408845,61.99453066165174,54.30651174503003,54.30651174503003,0.4578676043076749,0.4578676043076749,0.4578676043076749,0.4578676043076749,0.4578676043076749,0.4578676043076749,0.0,0.0,0.0,54.7643793493377
2017-02-01,54.294348257005815,45.94360437492387,61.28592120686696,54.294348257005815,54.294348257005815,-0.5251274547526635,-0.5251274547526635,-0.5251274547526635,-0.5251274547526635,-0.5251274547526635,-0.5251274547526635,0.0,0.0,0.0,53.76922080225315
2017-03-01,54.283361880582405,45.160228638105565,60.37886291000832,54.283361880582405,54.283361880582405,-1.2554111490303808,-1.2554111490303808,-1.2554111490303808,-1.2554111490303808,-1.2554111490303808,-1.2554111490303808,0.0,0.0,0.0,53.027950731552025
2017-04-01,54.27119839239933,44.8471416941032,59.446810160791216,54.27119839239933,54.27119839239933,-2.0870431080719674,-2.0870431080719674,-2.0870431080719674,-2.0870431080719674,-2.0870431080719674,-2.0870431080719674,0.0,0.0,0.0,52.18415528432736
2017-05-01,54.259427274802825,48.358290648039734,63.41832282040503,54.259427274802825,54.259427274802825,1.224886388942072,1.224886388942072,1.224886388942072,1.224886388942072,1.224886388942072,1.224886388942072,0.0,0.0,0.0,55.4843136637449
2017-06-01,54.24726378661975,48.174763250765736,62.483980028977726,54.24726378661975,54.24726378661975,1.277476002291588,1.277476002291588,1.277476002291588,1.277476002291588,1.277476002291588,1.277476002291588,0.0,0.0,0.0,55.52473978891133
2017-07-01,54.235492669023245,48.00672924286786,62.56110576808563,54.235492669023245,54.235492669023245,1.3970898807668237,1.3970898807668237,1.3970898807668237,1.3970898807668237,1.3970898807668237,1.3970898807668237,0.0,0.0,0.0,55.632582549790065
2017-08-01,54.22332918084017,47.18032329412258,62.563135215498036,54.22332918084017,54.22332918084017,0.3588341457971781,0.3588341457971781,0.3588341457971781,0.3588341457971781,0.3588341457971781,0.3588341457971781,0.0,0.0,0.0,54.58216332663734
2017-09-01,54.211165692657104,45.742726803970676,60.60869581915112,54.211165692657104,54.211165692657104,-0.7044566646229086,-0.7044566646229086,-0.7044566646229086,-0.7044566646229086,-0.7044566646229086,-0.7044566646229086,0.0,0.0,0.0,53.506709028034194
2017-10-01,54.19939457506059,46.6974585709541,61.35074950270511,54.19939457506059,54.19939457506059,0.04947458713698892,0.04947458713698892,0.04947458713698892,0.04947458713698892,0.04947458713698892,0.04947458713698892,0.0,0.0,0.0,54.24886916219758
2017-11-01,54.187231086877524,47.511415721773005,62.09063627860633,54.187231086877524,54.187231086877524,0.1423174345329963,0.1423174345329963,0.1423174345329963,0.1423174345329963,0.1423174345329963,0.1423174345329963,0.0,0.0,0.0,54.32954852141052
2017-12-01,54.17545996928101,46.67792682395588,60.71645792472804,54.17545996928101,54.17545996928101,-0.40990542676090114,-0.40990542676090114,-0.40990542676090114,-0.40990542676090114,-0.40990542676090114,-0.40990542676090114,0.0,0.0,0.0,53.76555454252011
2018-01-01,54.163296481097944,46.82192535638921,61.89608134576591,54.163296481097944,54.163296481097944,0.356709655170747,0.356709655170747,0.356709655170747,0.356709655170747,0.356709655170747,0.356709655170747,0.0,0.0,0.0,54.52000613626869
2018-02-01,54.151132992914874,46.21624223160079,61.143419972443375,54.151132992914874,54.151132992914874,-0.6381984551047586,-0.6381984551047586,-0.6381984551047586,-0.6381984551047586,-0.6381984551047586,-0.6381984551047586,0.0,0.0,0.0,53.51293453781012
2018-03-01,54.140146616491464,44.70043149738345,60.053358073985656,54.140146616491464,54.140146616491464,-1.382070181975878,-1.382070181975878,-1.382070181975878,-1.382070181975878,-1.382070181975878,-1.382070181975878,0.0,0.0,0.0,52.75807643451559
2018-04-01,54.127983128308394,45.46109327062026,59.996119793167956,54.127983128308394,54.127983128308394,-1.3856540804040665,-1.3856540804040665,-1.3856540804040665,-1.3856540804040665,-1.3856540804040665,-1.3856540804040665,0.0,0.0,0.0,52.74232904790433
2018-05-01,54.116212010711884,47.365786783689096,62.360459312544805,54.116212010711884,54.116212010711884,0.931254537622113,0.931254537622113,0.931254537622113,0.931254537622113,0.931254537622113,0.931254537622113,0.0,0.0,0.0,55.04746654833399
2018-06-01,54.104048522528814,47.62435365380763,62.27474692016693,54.104048522528814,54.104048522528814,0.9432968827224655,0.9432968827224655,0.9432968827224655,0.9432968827224655,0.9432968827224655,0.9432968827224655,0.0,0.0,0.0,55.04734540525128
2018-07-01,54.092277404932304,48.253797783828645,62.36127714623275,54.092277404932304,54.092277404932304,1.3305630981135548,1.3305630981135548,1.3305630981135548,1.3305630981135548,1.3305630981135548,1.3305630981135548,0.0,0.0,0.0,55.42284050304586
2018-08-01,54.080113916749234,47.026999051371575,62.17278046652498,54.080113916749234,54.080113916749234,0.5448625944309857,0.5448625944309857,0.5448625944309857,0.5448625944309857,0.5448625944309857,0.5448625944309857,0.0,0.0,0.0,54.62497651118022
2018-09-01,54.06795042856617,46.28447756387324,60.531451791148726,54.06795042856617,54.06795042856617,-0.4282779951269303,-0.4282779951269303,-0.4282779951269303,-0.4282779951269303,-0.4282779951269303,-0.4282779951269303,0.0,0.0,0.0,53.63967243343924
2018-10-01,54.056179310969654,46.40996562039948,61.58745049987637,54.056179310969654,54.056179310969654,-0.10212676114200475,-0.10212676114200475,-0.10212676114200475,-0.10212676114200475,-0.10212676114200475,-0.10212676114200475,0.0,0.0,0.0,53.95405254982765
2018-11-01,54.04401582278659,46.499858017592004,61.47992279662619,54.04401582278659,54.04401582278659,0.022766495594341768,0.022766495594341768,0.022766495594341768,0.022766495594341768,0.022766495594341768,0.022766495594341768,0.0,0.0,0.0,54.06678231838093
2018-12-01,54.032244705190074,46.42566390432202,60.57318309056834,54.032244705190074,54.032244705190074,-0.24730856735614526,-0.24730856735614526,-0.24730856735614526,-0.24730856735614526,-0.24730856735614526,-0.24730856735614526,0.0,0.0,0.0,53.78493613783393
2019-01-01,54.02008121700701,47.37515895961654,61.57709395057016,54.02008121700701,54.02008121700701,0.25204034971948824,0.25204034971948824,0.25204034971948824,0.25204034971948824,0.25204034971948824,0.25204034971948824,0.0,0.0,0.0,54.2721215667265
2019-02-01,54.00791772882394,46.07982419742927,61.04772630871676,54.00791772882394,54.00791772882394,-0.7502178383337967,-0.7502178383337967,-0.7502178383337967,-0.7502178383337967,-0.7502178383337967,-0.7502178383337967,0.0,0.0,0.0,53.257699890490144
2019-03-01,53.99693135240053,45.05579782251906,60.052481929640244,53.99693135240053,53.99693135240053,-1.4985712897870653,-1.4985712897870653,-1.4985712897870653,-1.4985712897870653,-1.4985712897870653,-1.4985712897870653,0.0,0.0,0.0,52.498360062613465
2019-04-01,53.98476786421746,46.04243969747984,60.70148549368444,53.98476786421746,53.98476786421746,-0.6867310377759549,-0.6867310377759549,-0.6867310377759549,-0.6867310377759549,-0.6867310377759549,-0.6867310377759549,0.0,0.0,0.0,53.2980368264415
2019-05-01,53.97299674662095,46.7792417755674,62.181587110544285,53.97299674662095,53.97299674662095,0.6230996137278737,0.6230996137278737,0.6230996137278737,0.6230996137278737,0.6230996137278737,0.6230996137278737,0.0,0.0,0.0,54.596096360348824
2019-06-01,53.96083325843788,47.41021263211348,61.83441667530603,53.96083325843788,53.96083325843788,0.6099354192494204,0.6099354192494204,0.6099354192494204,0.6099354192494204,0.6099354192494204,0.6099354192494204,0.0,0.0,0.0,54.5707686776873
2019-07-01,53.94906214084137,47.75724509034683,62.74074284357399,53.94906214084137,53.94906214084137,1.2729373557010772,1.2729373557010772,1.2729373557010772,1.2729373557010772,1.2729373557010772,1.2729373557010772,0.0,0.0,0.0,55.221999496542445
2019-08-01,53.9368986526583,46.76721060801085,62.7887486592676,53.9368986526583,53.9368986526583,0.7371226796474116,0.7371226796474116,0.7371226796474116,0.7371226796474116,0.7371226796474116,0.7371226796474116,0.0,0.0,0.0,54.67402133230571
2019-09-01,53.92473516447524,46.136271379631964,60.44534092741568,53.92473516447524,53.92473516447524,-0.15555786176783,-0.15555786176783,-0.15555786176783,-0.15555786176783,-0.15555786176783,-0.15555786176783,0.0,0.0,0.0,53.769177302707405
2019-10-01,53.91296404687872,46.07743696402243,60.992751799211256,53.91296404687872,53.91296404687872,-0.2594397316143578,-0.2594397316143578,-0.2594397316143578,-0.2594397316143578,-0.2594397316143578,-0.2594397316143578,0.0,0.0,0.0,53.65352431526436
2019-11-01,53.90080055869566,46.779013454010574,61.34618798710925,53.90080055869566,53.90080055869566,-0.09502436946251236,-0.09502436946251236,-0.09502436946251236,-0.09502436946251236,-0.09502436946251236,-0.09502436946251236,0.0,0.0,0.0,53.80577618923314
2019-12-01,53.88902944109914,46.526195678835094,60.886614372838565,53.88902944109914,53.88902944109914,-0.0850407252320929,-0.0850407252320929,-0.0850407252320929,-0.0850407252320929,-0.0850407252320929,-0.0850407252320929,0.0,0.0,0.0,53.80398871586705
2020-01-01,53.87686595291608,46.98712455146296,61.75463102709845,53.87686595291608,53.87686595291608,0.14398897358368112,0.14398897358368112,0.14398897358368112,0.14398897358368112,0.14398897358368112,0.14398897358368112,0.0,0.0,0.0,54.02085492649976
2020-02-01,53.86470246473301,45.8545126051194,60.80742842222839,53.861770397854954,53.86980856618534,-0.860972181367257,-0.860972181367257,-0.860972181367257,-0.860972181367257,-0.860972181367257,-0.860972181367257,0.0,0.0,0.0,53.00373028336575
2020-03-01,53.85332371772304,45.75833911554523,60.38685106602389,53.84187761978209,53.86867978994268,-1.1185590854151177,-1.1185590854151177,-1.1185590854151177,-1.1185590854151177,-1.1185590854151177,-1.1185590854151177,0.0,0.0,0.0,52.73476463230793
2020-04-01,53.84116022953998,44.000499924707675,58.54470261834751,53.814538037356094,53.8713381717445,-2.790156825308305,-2.790156825308305,-2.790156825308305,-2.790156825308305,-2.790156825308305,-2.790156825308305,0.0,0.0,0.0,51.05100340423168
2020-05-01,53.82938911194346,48.059896493518785,62.73429216610363,53.783894957150025,53.87892806430362,1.5037472933869187,1.5037472933869187,1.5037472933869187,1.5037472933869187,1.5037472933869187,1.5037472933869187,0.0,0.0,0.0,55.33313640533038
2020-06-01,53.8172256237604,48.12252161733071,62.63284506862947,53.7538883140477,53.890342117875264,1.6119774961740816,1.6119774961740816,1.6119774961740816,1.6119774961740816,1.6119774961740816,1.6119774961740816,0.0,0.0,0.0,55.429203119934485
2020-07-01,53.80545450616388,48.603876926907255,62.866825973451235,53.720797943063204,53.90123716384445,1.4723914151132438,1.4723914151132438,1.4723914151132438,1.4723914151132438,1.4723914151132438,1.4723914151132438,0.0,0.0,0.0,55.27784592127713
2020-08-01,53.79329101798082,46.391611935520956,61.479357864790195,53.683028373086074,53.9174668559098,0.17929714544261352,0.17929714544261352,0.17929714544261352,0.17929714544261352,0.17929714544261352,0.17929714544261352,0.0,0.0,0.0,53.97258816342343
2020-09-01,53.78112752979775,45.338537165705766,60.32538281026228,53.64823035895996,53.931560257370364,-0.9837458500713381,-0.9837458500713381,-0.9837458500713381,-0.9837458500713381,-0.9837458500713381,-0.9837458500713381,0.0,0.0,0.0,52.79738167972641
2020-10-01,53.76935641220124,46.33487601280447,61.35366903134899,53.60805015676359,53.95062060242274,0.1952413148435439,0.1952413148435439,0.1952413148435439,0.1952413148435439,0.1952413148435439,0.1952413148435439,0.0,0.0,0.0,53.96459772704478
2020-11-01,53.75719292401817,46.20895656133632,61.25639258155891,53.56196074378384,53.97491834474376,0.2634889470881103,0.2634889470881103,0.2634889470881103,0.2634889470881103,0.2634889470881103,0.2634889470881103,0.0,0.0,0.0,54.020681871106284
2020-12-01,53.74542180642165,46.2499663674299,60.843457538459376,53.51701914906886,53.99771836752183,-0.5727170301666533,-0.5727170301666533,-0.5727170301666533,-0.5727170301666533,-0.5727170301666533,-0.5727170301666533,0.0,0.0,0.0,53.172704776255
